Instruction,Category,Constraints,Final_Prompt,FinalGeneratedStory
"Plan for a three day road trip for May long weekend from Westfield, New Jersey",Creative Writing,"1. Include a visit to at least two national parks or natural reserves along the way.
2. Incorporate a local food tasting experience in each destination you visit during the road trip.
3. Utilize only vintage maps for navigation instead of using modern GPS systems.
4. Write the entire essay from the perspective of a fictional character who is a quirky scientist conducting research during the road trip.
5. Restrict the use of adjectives to only five per paragraph throughout the essay.
6. Incorporate at least one unexpected and surreal event that occurs daily during the road trip.
7. Implement a non-linear narrative structure with multiple flashbacks and flash-forwards.
8. Integrate at least one historical figure as a character in the story, interacting with the road trip participants.
9. Include a subplot where the road trip participants are searching for a legendary hidden treasure in each location they stop at.
10. Use a different font style for each day of the road trip in the essay.
11. Introduce a fictional creature as a travel companion for the duration of the road trip.
12. Every meal consumed during the road trip must be described in detail, including ingredients and preparation methods.
13. Implement a word limit of 1000 words for the entire essay.
14. Use only dialogue to convey the interactions between the road trip participants.
15. Include an element of time travel, where the road trip participants accidentally jump to different time periods each day.
16. Incorporate at least three local folklore stories into the narrative, blending them with the road trip experiences.
17. Start each paragraph in the essay with a question related to the road trip adventure.
18. Implement at least one puzzle or riddle that the road trip participants must solve in each location they visit.
19. Use a thesaurus to find synonyms for common words throughout the essay, ensuring no repetition of vocabulary.
20. Conclude the essay with a cliffhanger ending, leaving the road trip outcome unresolved.","User: ""  Plan for a three day road trip for May long weekend from Westfield, New Jersey"" 
 LLM generated story: ""  to Hersheypark in Pennsylvania.

Day 1:

* Depart from Westfield, New Jersey at 9 am
* Drive to Gettysburg, Pennsylvania (2 hours and 30 minutes)
* Stop at Little Round Top and Devil’s Den to take in the battlefield sights
* Have lunch at the Picket Post Restaurant in Gettysburg
* Continue to Hershey, Pennsylvania (1 hour)
* Check into the Hersheypark Resort at 4 pm
* Relax at the hotel pool or spa
* Enjoy dinner at Hersheypark Chocolatetown

Day 2:

* Start the day with breakfast at the hotel
* Visit Hersheypark Amusement Park and water park (9 am - 9 pm)
* Take a break for lunch at the park's food court
* Ride the roller coasters and attractions
* Enjoy the water park and wave pool
* Have dinner at Hershey's Chocolate World

Day 3:

* Start the day with breakfast at the hotel
* Visit the Hershey Museum and learn about the history of chocolate and the chocolate industry
* Have lunch at the museum's cafeteria
* Take a scenic drive through the surrounding countryside and visit historic sites such as Lancaster County Amish Land
* Have dinner at a local restaurant before returning to the hotel

Day 4:

* Check out of the hotel and head back to Westfield, New Jersey
* Stop at the PA Turnpike Service Area for a snack and gas
* Arrive back in Westfield by 5 pm

This road trip will allow you to explore the history and culture of Gettysburg and Hershey, while also providing opportunities for relaxation and fun at Hersheypark. With a mix of outdoor activities, historical sites, and delicious food, this trip is sure to be a hit! "" 
 User Instruction: "" Now modify the existing story to accommodate the following constraints: 1. Implement a word limit of 1000 words for the entire essay.
2. Use only dialogue to convey the interactions between the road trip participants.
3. Incorporate a local food tasting experience in each destination you visit during the road trip. into the LLM generated story and come up with a new story:  ","
 ""  John and Mary are planning a road trip for the upcoming May long weekend from Westfield, New Jersey. They are excited to explore new places and try out different foods. They plan to visit Hersheypark in Pennsylvania.

Day 1:

* Depart from Westfield, New Jersey at 9 am
* Stop at Gettysburg, Pennsylvania (2 hours and 30 minutes)
* Visit Gettysburg Battlefield and have lunch at Little Round Top
* Continue to Hershey, Pennsylvania (1 hour)
* Check into Hersheypark Resort at 4 pm
* Relax at the hotel pool or spa
* Enjoy dinner at Hershey's Chocolate World

Day 2:

* Start the day with breakfast at the hotel
* Visit Hersheypark Amusement Park and water park (9 am - 9 pm)
* Take a break for lunch at the park's food court
* Ride the roller coasters and attractions
* Enjoy the water park and wave pool
* Have dinner at Hershey's Chocolate World

Day 3:

* Start the day with breakfast at the hotel
* Visit the Hershey Museum and learn about the history of chocolate and the chocolate industry
* Have lunch at the museum's cafeteria
* Take a scenic drive through the surrounding countryside and visit historic sites such as Lancaster County Amish Land
* Have dinner at a local restaurant before returning to the hotel

Day 4:

* Check out of the hotel and head back to Westfield, New Jersey
* Stop at the PA Turnpike Service Area for a snack and gas
* Arrive back in Westfield by 5 pm

John: ""Let's plan a road trip for the upcoming May long weekend!""

Mary: ""Where to?""

John: ""I was thinking of visiting Hersheypark in Pennsylvania.""

Mary: ""Sounds good to me! I've always wanted to visit Hersheypark.""

John: ""Great! Let's start planning. We should leave at 9 am on day one.""

Mary: ""Okay, how long will it take us to get there?""

John: ""It will take about 2 hours and 30 minutes.""

Mary: ""Perfect, I'll pack a picnic lunch.""

John: ""I'll make a list of things we need to bring, like sunscreen and a camera.""

Mary: ""I'll also book a hotel in Hershey.""

John: ""Fantastic, I'll check the availability for the Hersheypark Resort.""

Mary: ""I'll make reservations for dinner at Hershey's Chocolate World for our first night.""

John: ""Let's not forget to try out some local foods during our trip.""

Mary: ""Yes, that would be so fun! I'll research some local restaurants and food options in Gettysburg and Hershey.""

John: ""I'll make sure to add some time for exploring the local areas and visiting historic sites.""

Mary: ""I'm so excited for this trip! I can't wait to try out all the delicious foods and see the sights.""

John: ""Me too! Let's get started and make the most of our road trip!""

Day 1:

* Depart from Westfield, New Jersey at 9 am
* Stop at Gettysburg, Pennsylvania (2 hours and 30 minutes)

John: ""Wow, we made it to Gettysburg!""

Mary: ""It's so beautiful here, I can't believe we made it!""

John: ""Let's visit the battlefield and see the sights.""

Mary: ""I heard there's a restaurant nearby, we should check it out.""

John: ""Let's go to Little Round Top and have lunch there.""

Mary: ""I'll grab some water while you order our lunch.""

John: ""Thanks, I'll make sure to get some local delicacies.""

Mary: ""I'll go to the gift shop and check out some souvenirs.""

John: ""I'll take a walk around and soak in the history of the battlefield.""

Mary: ""I can't wait to see the Gettysburg Address site!""

John: ""Me too, let's get started!""

Mary: ""I heard they have some amazing food at Hersheypark Resort, we should check it out.""

John: ""I'll book us a room and we can relax at the hotel pool or spa.""

Mary: ""I'll make dinner reservations at Hershey's Chocolate World.""

John: ""Let's enjoy the delicious chocolate desserts and drinks at Hershey's Chocolate World.""

Mary: ""I'll pack a camera and take some pictures of the beautiful chocolate displays.""

John: ""I'll make sure we capture the memories of our trip.""

Mary: ""I can't wait to get to Hersheypark and see the amusement park and water park.""

John: ""I'll book us tickets and we can ride the roller coasters and attractions.""

Mary: ""I'll pack some sunscreen and sunglasses, I don't want to get sunburned.""

John: ""I'll make sure we stay hydrated and take breaks throughout the day.""

Mary: ""I'll check the weather forecast and make sure we dress appropriately.""

John: ""Let's get some rest and be ready for the adventures of day two!""

Day 2:

* Start the day with breakfast at the hotel
* Visit Hersheypark Amusement Park and water park (9 am - 9 pm)

John: ""Good morning, are you ready for another day of adventure?""

Mary: ""I am, let's get started!""

John: ""I'll make breakfast reservations at the hotel.""

Mary: ""I'll go to the food court and grab some snacks for the day.""

John: ""I'll take a walk around and soak in the beautiful scenery.""

Mary: ""I'll go to the gift shop and check out some souvenirs.""

John: ""I'll book us tickets for the roller coasters and attractions.""

Mary: ""I'll make sure to try out all the local food options.""

John: ""I'll take pictures of the roller coasters and attractions.""

Mary: ""I'll pack some sunscreen and sunglasses, I don't want to get sunburned.""

John: ""I'll make sure we stay hydrated and take breaks throughout the day.""

Mary: ""I'll check the weather forecast and make sure we dress appropriately.""

John: ""Let's enjoy the water park and wave pool.""

Mary: ""I'll pack a towel and sunscreen.""

John: ""I'll make sure we have fun and enjoy the day to the fullest!""

Mary: ""I can't wait to see what adventures we'll have today!""

Day 3:

* Start the day with breakfast at the hotel
* Visit the Hershey Museum and learn about the history of chocolate and the chocolate industry

John: ""Good morning, are you ready for another day of learning and adventure?""

Mary: ""I am, let's get started!""

John: ""I'll make breakfast reservations at the hotel.""

Mary: ""I'll go to the museum's cafeteria and grab some snacks.""

John: ""I'll take a walk around and soak in the beautiful scenery.""

Mary: ""I'll go to the museum and learn about the history of chocolate and the chocolate industry.""

John: ""I'll book us tickets for the museum.""

Mary: ""I'll make sure to try out all the local food options.""

John: ""I'll take pictures of the chocolate displays and exhibits.""

Mary: ""I'll pack a camera and sunscreen.""

John: ""I'll make sure we stay hydrated and take breaks throughout the day.""

Mary: ""I'll check the weather forecast and make sure we dress appropriately.""

John: ""Let's take a scenic drive through the surrounding countryside and visit historic sites such as Lancaster County Amish Land.""

Mary: ""I'll pack some snacks and water for the drive.""

John: ""I'll make sure we have fun and enjoy the day to the fullest!""

Mary: ""I can't wait to see what adventures we'll have today!""

Day 4:

* Check out of the hotel and head back to Westfield, New Jersey
* Stop at the PA Turnpike Service Area for a snack and gas

John: ""Well, it's time to head back home.""

Mary: ""I can't believe our road trip is already over.""

John: ""Let's make sure we don't forget to pack our souvenirs and memories.""

Mary: ""I'll pack some snacks and water for the drive.""

John: ""I'll make sure we have fun and enjoy the day to the fullest!""

Mary: ""I can't wait to see you again, I'll miss our adventures together.""

John: ""I'll miss you too, let's plan our next road trip soon!""

Mary: ""I'll pack some snacks and water for the drive.""

John: ""I'll make sure we have fun and enjoy the day to the fullest!""

Mary: ""I can't wait to see you again, I'll miss our adventures together.""

John: ""I'll miss you too, let's plan our next road trip soon!""

Mary: ""I'll pack some snacks and water for the drive.""

John: ""I'll make sure we have fun and enjoy the day to the fullest!""

Mary: ""I can't wait to see you again, I'll miss our adventures together.""

John: ""I'll miss you too, let's plan our next road trip soon!""

Mary: ""I'll pack some snacks and water for the drive.""

John: ""I'll make sure we have fun and enjoy the day to the fullest!""

Mary: ""I can't wait to see you again, I'll miss our adventures together.""

John: ""I'll miss you too, let's plan our next road trip soon!""

Mary: ""I'll pack some snacks and water for the drive.""

John: ""I'll make sure we have fun and enjoy the day to the fullest!""

Mary: ""I can't wait to see you again, I'll miss our adventures together.""

John: ""I'll miss you too, let's plan our next road trip soon!"""
Write a story about incident of two friend’s day out going wrong.,Daily Life,"1. The story must be written in the form of a dialogue between the two friends.
2. The story must include a flashback to a childhood memory of one of the friends.
3. One of the friends must have a secret that is revealed during the day out.
4. The story must contain at least three unexpected plot twists.
5. The friends must communicate only through handwritten notes for a part of the story.
6. The story must include a mysterious stranger who impacts the day out.
7. One of the friends must have a phobia that becomes a central theme in the story.
8. The setting of the story must change at least three times.
9. The climax of the story must involve a natural disaster.
10. The story must end with a cliffhanger that leaves the readers guessing about the fate of the friends.","User: ""  Write a story about incident of two friend’s day out going wrong."" 
 LLM generated story: "" 

Tom and Jake were the best of friends. They had been inseparable since they were kids and always did everything together. So, when Tom's birthday came around, Jake insisted on taking him out for a day of fun.

They decided to go to the amusement park, since Tom loved rides and Jake loved the excitement of winning games. They arrived at the park, excited to spend the day together, and headed straight to the roller coaster.

Tom was nervous about going on the rides, but Jake convinced him that it would be fun. They waited in line for a while, and when it was finally their turn, Tom hesitated. He had never been on a roller coaster before, and the thought of it made him feel sick.

But Jake was determined to get Tom to enjoy the ride. He held Tom's hand and encouraged him to go forward. They finally got on the roller coaster, and Tom closed his eyes as they took off.

But things quickly went wrong. The roller coaster started to shake violently, and Tom and Jake were thrown around. They both screamed as the roller coaster took a sharp turn, and Tom felt like he was going to vomit.

Jake tried to calm Tom down, but it was too late. Tom was now convinced that he would never be able to go on a roller coaster again. They got off the ride, and Tom was so upset that he didn't want to go on any of the other rides.

They spent the rest of the day playing games and walking around, but Tom was still feeling down. He couldn't shake the feeling that he had let Jake down by not being able to go on the roller coaster.

As they were leaving the park, Jake turned to Tom and said, ""Hey, it's okay. You don't have to do something just because I want to. We're friends, and that's all that matters.""

Tom smiled and thanked Jake for understanding. They left the park and headed to their favorite restaurant for a late dinner. As they were eating, Tom realized that he had actually had a great day with Jake, despite the roller coaster incident.

From that day on, Tom and Jake continued to go on adventures and have fun together, but they also learned to respect each other's boundaries and not push each other into doing things they weren't comfortable with. "" 
 User Instruction: "" Now modify the existing story to accommodate the following constraints: 1. The friends must communicate only through handwritten notes for a part of the story.
2. The climax of the story must involve a natural disaster.
3. The setting of the story must change at least three times. into the LLM generated story and come up with a new story:  ","

Tom and Jake were the best of friends. They had been inseparable since they were kids and always did everything together. So, when Tom's birthday came around, Jake insisted on taking him out for a day of fun.

They decided to go to the amusement park, since Tom loved rides and Jake loved the excitement of winning games. They arrived at the park, excited to spend the day together, and headed straight to the roller coaster.

Tom was nervous about going on the rides, but Jake convinced him that it would be fun. They waited in line for a while, and when it was finally their turn, Tom hesitated. He had never been on a roller coaster before, and the thought of it made him feel sick.

But Jake was determined to get Tom to enjoy the ride. He held Tom's hand and encouraged him to go forward. They finally got on the roller coaster, and Tom closed his eyes as they took off.

But things quickly went wrong. The roller coaster started to shake violently, and Tom and Jake were thrown around. They both screamed as the roller coaster took a sharp turn, and Tom felt like he was going to vomit.

Jake tried to calm Tom down, but it was too late. Tom was now convinced that he would never be able to go on a roller coaster again. They got off the ride, and Tom was so upset that he didn't want to go on any of the other rides.

They decided to leave the park and head to the beach. Tom was feeling better by the time they got there, and they spent the day swimming in the ocean and building sandcastles. They wrote notes to each other in the sand, expressing their gratitude for each other's company.

But as they were building their last sandcastle, a loud rumbling was heard in the distance. They looked up to see a massive tornado heading towards them. They quickly packed up their belongings and ran to the nearest shelter.

As they huddled together in the shelter, they heard the tornado rip through the beach. The wind howled and the rain poured down, and they both felt terrified.

But they also felt grateful for each other. They had each other to hold onto, and that was all that mattered. They wrote notes to each other, expressing their love and support for each other.

When the tornado passed, they emerged from the shelter and saw that their sandcastle had been destroyed. But they didn't care. They were just happy to be alive and to have each other.

They decided to head back home, but as they were walking, they saw that their town had also been hit by the tornado. They saw destroyed buildings and overturned cars, and they both felt a sense of loss and sadness.

But they also felt hopeful. They knew that they could get through anything as long as they had each other. They wrote notes to each other, expressing their love and support for each other, and holding onto each other's hand as they walked through the destruction.

When they finally arrived back home, they saw that their town was slowly coming back to life. People were cleaning up the debris and rebuilding their homes. And Tom and Jake were there for each other, every step of the way. They knew that no matter what challenges they faced in the future, they could always count on each other."
Write a short paragraph about why you should not have both a pet cat and a pet bird.	,Creative Writing,"1. Use scientific terminology to explain the potential clash between the instincts of a domestic cat and a pet bird.
2. Incorporate a dialogue between a cat and a bird to illustrate their perspectives on cohabitation.
3. Include a metaphor comparing the relationship between a cat and a bird to an incompatible friendship.
4. Write in the second person point of view to address the reader directly about the risks of having both pets.
5. Use a persuasive tone to convince the reader of the dangers of having a cat and a bird in the same household.
6. Include statistics on the number of pet bird fatalities caused by domestic cats annually.
7. Introduce a fictional scenario where having both a pet cat and a pet bird leads to unexpected consequences.
8. Use at least five adjectives to describe the contrasting personalities of cats and birds.
9. Incorporate a flashback to a childhood memory involving a cat and a bird to emphasize the potential dangers.
10. End the paragraph with a rhetorical question to prompt reflection on the consequences of keeping both pets together.
11. Integrate a cultural reference about cats and birds from a famous literary work.
12. Include a hypothetical dialogue between a veterinarian and a pet owner discussing the risks of owning both a cat and a bird.
13. Create a fictional letter from a cat advocacy group warning against the dangers of having pet birds in the same household.
14. Provide a counterargument from a fictional character who believes that cats and birds can coexist peacefully.
15. Implement a scenario where the cat and bird form an unlikely bond despite their natural instincts.
16. Include sensory details to describe the sights and sounds of a cat hunting a bird in a domestic setting.
17. Use an analogy comparing the relationship between a cat and a bird to a predator-prey dynamic in nature.
18. Incorporate a moral dilemma where the pet owner must choose between keeping the cat or the bird due to safety concerns.
19. Include a section discussing alternative pets that are compatible with both cats and birds.
20. End the paragraph with a cryptic statement hinting at the consequences of disregarding the advice against having both a pet cat and a pet bird.",,
Write a passage for ideas for the most amazing welcome party in high school.,Creative Writing,"1. Include at least 5 different types of entertainment activities, such as music, dance, games, etc.
2. Use descriptive language to vividly portray the decorations at the venue, including colors, themes, and lighting.
3. Incorporate at least 3 different food stations with a variety of options to cater to different dietary preferences.
4. Introduce a surprise element that no one would expect at a typical high school party.
5. Include dialogue between at least 2 students discussing their excitement for the welcome party.
6. Write from the perspective of a student who initially didn't want to attend but ended up having the time of their life.
7. Include a subplot where a group of students works together to organize a specific part of the party.
8. Utilize sensory details to describe the sounds, smells, and sights experienced during the party.
9. Integrate a theme for the party that ties all elements together cohesively.
10. Describe the outfits of the students in attendance, highlighting unique fashion choices and trends.
11. Incorporate a moral lesson or takeaway from the festivities that the students learn by the end of the party.
12. Include at least one unexpected challenge or obstacle that arises during the planning or execution of the party.
13. Write in a non-linear format, jumping back and forth between the preparations and the actual event.
14. Introduce a celebrity guest appearance who adds an element of excitement to the welcome party.
15. Include at least one nostalgic element that pays homage to past high school events or traditions.
16. Implement a cliffhanger ending that leaves the reader wondering about the aftermath of the party.
17. Introduce a rumor or gossip circulating among students about the party, adding intrigue.
18. Include a diverse range of students from different backgrounds coming together and bonding during the party.
19. Create a sense of camaraderie and unity among the students through a shared experience at the party.
20. End the passage with a reflection on the impact of the welcome party on the school community as a whole.",,
"Plan a weekend long vacation to Madrid, and mention multiple specific places you would visit and how you would travel in the city	",Creative Writing,"1. Include at least 5 lesser-known or hidden gem tourist attractions in Madrid.
2. Incorporate a time travel element where you visit one place both in the past and the present.
3. Write the essay in the form of a dialogue between two friends planning the trip.
4. Use only future tense throughout the essay.
5. Describe each location using synesthetic imagery (mixing sensory experiences).
6. Integrate at least 3 local Spanish proverbs or sayings into the text.
7. Use footnotes to provide historical context for each place visited.
8. Include a subplot where one of the friends gets lost in the city and has to find their way back using landmarks.
9. Write the essay as a series of haikus, each describing a different location or mode of transportation.
10. Include a parallel narrative of a street performer you encounter at each location.
11. Incorporate at least 3 Spanish puns related to travel or tourism.
12. Use only second-person point of view (you/your) throughout the essay.
13. Include a section detailing the environmental impact of tourism on Madrid and propose sustainable travel alternatives.
14. Start each paragraph with a question related to the location being discussed.
15. Include a conspiracy theory about the origins of one of the tourist attractions.
16. Integrate local gastronomic experiences at each location visited.
17. End the essay with a twist where the friends realize they have been in a dream the entire time.
18. Use a reversed chronological order of visitation in the essay.
19. Include a fictional map of Madrid with the locations visited marked.
20. Limit the essay to exactly 777 words.",,
Write a story about being stuck in a locked gym storage room with the person you arguably hate the most.,Daily Life,"1. The entire story must be written in the form of diary entries from both characters' perspectives.
2. The dialogue between the characters must consist only of questions.
3. Include a symbolic item in the room that both characters interpret differently.
4. Integrate a flashback sequence for each character to explain the origin of their animosity towards each other.
5. Use only monosyllabic words in the dialogue between the characters.
6. The story must take place during a power outage, adding an element of darkness and limited visibility.
7. Include a subplot where both characters must work together to solve a puzzle in order to escape the room.
8. Write the story in the second person point of view.
9. Use a non-linear narrative structure, jumping back and forth between past and present events.
10. One of the characters must communicate solely through drawings and gestures due to temporarily losing their ability to speak.
11. Incorporate a unique literary device (e.g., anaphora, chiasmus) in each character's internal monologue.
12. End the story with both characters having a surprising change of heart towards each other.
13. Use a limited vocabulary of only 100 different words throughout the entire story.
14. Write the story as a series of text message exchanges between the characters, with character-specific texting styles.
15. Introduce a mysterious third character who leaves cryptic clues for the protagonists to decipher.
16. Include a natural disaster (e.g., thunderstorm, earthquake) that intensifies the characters' predicament in the locked room.
17. Each character must have a unique superstition or irrational fear that plays a significant role in the story.
18. The story must incorporate elements of a genre the writer is unfamiliar with, chosen at random.
19. Incorporate subtle references to famous literary feuds or rivalries throughout the story.
20. Implement a ticking clock element, forcing the characters to make a decision before time runs out.",,
"Write a story about returning something a random stranger dropped on the train, later get lost and encounter that same stranger again.",Daily Life,"1. The story must be written in the form of a dialogue between two characters.
2. Include a subplot where the protagonist has short-term memory loss and must rely on physical cues to remember important details.
3. Introduce a supernatural element where the train is revealed to be a time-traveling vessel.
4. Use a non-linear narrative structure, starting the story from the middle and then jumping to the beginning and end interchangeably.
5. Each paragraph must start with a question that the following sentences answer.
6. Incorporate a moral dilemma where the protagonist must choose between helping the stranger or achieving their own goal.
7. Use descriptive sensory language in every other sentence to enhance the reader's experience.
8. Include a secondary character who communicates only through gestures and facial expressions.
9. Write the entire story in the second person point of view.
10. Introduce a symbolic object that reappears throughout the story to represent fate or destiny.
11. Insert a 200-word monologue by one of the characters about the nature of coincidence.
12. Create a cliffhanger at the end of each section to build suspense.
13. Use only monosyllabic words in dialogue exchanges between the protagonist and the stranger.
14. Include a subplot where the protagonist experiences vivid hallucinations that blur the line between reality and imagination.
15. Integrate a ticking clock motif that signifies impending danger or a critical decision.
16. End each paragraph with a rhetorical question that challenges the reader's perspective on the events.
17. Incorporate a flashback sequence that reveals a hidden connection between the protagonist and the stranger.
18. Set the entire story during a thunderstorm, with the sound of rain and thunder influencing the characters' actions.
19. Include a twist where the protagonist discovers that they are the stranger from the future.
20. Use repetition of key phrases or images throughout the story to create a sense of cohesion and thematic resonance.",,
Write a passage about the sensation of taking a cold shower and explain the rationale for why someone might take one.	,Creative Writing,"1. Include sensory details such as the sound of water droplets hitting the tiles and the sensation of goosebumps forming on the skin.
2. Incorporate scientific explanations about how cold showers can boost circulation and improve skin and hair health.
3. Write from a second-person point of view to immerse the reader in the experience.
4. Use metaphorical language to compare the cold shower sensation to unexpected challenges in life.
5. Include a historical perspective on the cultural significance of cold water therapies in different civilizations.
6. Integrate personal anecdotes or quotes from individuals who advocate for cold showers in their daily routine.
7. Discuss the environmental benefits of opting for cold showers in terms of reduced energy consumption.
8. Contrast the sensation of a cold shower with that of a hot shower to highlight the differences in physical and mental effects.
9. Analyze the societal norms and perceptions surrounding cold showers in different regions of the world.
10. Explore the psychological aspects of voluntarily choosing discomfort in the form of a cold shower for personal growth.
11. Incorporate a comparative analysis of the benefits of cold showers versus other forms of cold therapy like ice baths.
12. Include a step-by-step guide on how to gradually incorporate cold showers into a daily routine for optimal results.
13. Write in a fragmented style with short, impactful sentences to mirror the abruptness of the cold water hitting the body.
14. Create a fictional narrative involving a character who discovers the transformative power of cold showers in their life.
15. Use historical references to describe how cold water treatments were used in ancient civilizations for health and spiritual purposes.
16. Include testimonials from athletes or celebrities who swear by the benefits of taking cold showers for mental clarity and vitality.
17. Incorporate quotes from experts in the fields of hydrotherapy or psychology to support the rationale behind taking cold showers.
18. Write in a poetic style to evoke the raw emotion and exhilaration that comes with the sensation of a cold shower.
19. Analyze the physiological changes that occur in the body during a cold shower and their long-term impact on overall health.
20. Integrate a philosophical reflection on the concept of embracing discomfort as a pathway to personal enlightenment and growth.",,
"Write a story about sitting on a park bench for no reason, watching people. A conversation with a random stranger who is resting while walking his/her dog.",Daily Life,"1. Describe the park setting in a post-apocalyptic world, where nature is overgrown and reclaiming the land.
2. Include a subplot where the protagonist is a time traveler observing the park through different time periods.
3. Incorporate a non-linear narrative structure where the story jumps back and forth in time.
4. Integrate elements of magical realism where the protagonist can understand the inner thoughts of the people passing by.
5. Include at least three different languages spoken by the background characters, with translations provided for each dialogue.
6. Write the entire story in second-person point of view.
7. Limit the dialogue to be only in the form of questions.
8. End the story with a plot twist revealing that the random stranger and the protagonist are actually long-lost relatives.
9. Implement a symbolic motif of birds throughout the story, connecting them to the themes of freedom and captivity.
10. Include sensory details for each person the protagonist observes, focusing on a different sense for each character.
11. Write the entire story as a series of interconnected haikus.
12. Have the protagonist suffer from short-term memory loss, forgetting each person they observe immediately after they leave the scene.
13. Include footnotes throughout the story with additional background information on the park's history and the strangers' lives.
14. Structure the story as a letter from the protagonist to their future self, reflecting on the significance of the encounter with the random stranger.
15. Make the park bench a sentient being that communicates with the protagonist through telepathy.
16. Add a constraint where every word in the story must contain the letter ""e.""
17. Include a mysterious object left behind by one of the passersby, which the protagonist must decipher the meaning of.
18. Integrate elements of steampunk technology into the park setting, blending futuristic and Victorian aesthetics.
19. Create a parallel between the behavior of the people in the park and a flock of migrating birds that the protagonist also observes.
20. Include a moral dilemma where the protagonist must decide whether to intervene in one of the strangers' lives based on what they observe during their time on the bench.",,
Write a letter to my mom to convince her that I should be able to get a cat.,Creative Writing,"1. Include at least 5 scientific facts about the benefits of having a cat as a pet.
2. Write the letter in the form of a poem with rhyming couplets.
3. Include a detailed budget breakdown for the costs of owning a cat for the first year.
4. Use only metaphors and analogies to describe your love for cats instead of direct statements.
5. Incorporate at least 3 quotes from famous cat owners throughout history.
6. Write the letter from the perspective of the cat you plan to adopt, speaking directly to your mom.
7. Use emojis to express your emotions and arguments throughout the letter.
8. Include footnotes with academic references for each argument you make about why you should get a cat.
9. Write the entire letter in reverse chronological order, starting with your conclusion and ending with your introduction.
10. Create a fictional backstory for the cat you plan to adopt and incorporate it into the letter to appeal to your mom's emotions.
11. Use only questions to make your points and arguments throughout the letter.
12. Write the letter as a dialogue between you and your mom, including her responses to your arguments.
13. Incorporate at least 5 words in a language other than English to express your points about owning a cat.
14. Include a hand-drawn illustration of the cat you wish to adopt at the end of the letter.
15. Write the letter as if you are a time traveler from the future, convincing your mom of the importance of cats in history.
16. Include a detailed plan outlining how you will take care of the cat daily, weekly, and monthly.
17. Use only onomatopoeias to describe the sounds a cat makes and how it would fit into your household.
18. Incorporate at least 3 jokes or puns related to cats to lighten the tone of the letter.
19. Include a section in the letter where you address any potential concerns or objections your mom may have about getting a cat.
20. End the letter with a personalized cat-themed quote from a famous author or poet.",,
